<?xml version="1.0" encoding="UTF-8"?>
<project-private xmlns="http://www.netbeans.org/ns/project-private/1">
    <editor-bookmarks xmlns="http://www.netbeans.org/ns/editor-bookmarks/2" lastBookmarkId="0"/>
    <open-files xmlns="http://www.netbeans.org/ns/projectui-open-files/2">
        <group>
            <file>file:/Users/leyna/NetBeansProjects/POI_App/src/poi_app/POI_Detail.java</file>
            <file>file:/Users/leyna/NetBeansProjects/POI_App/src/poi_app/Registration.java</file>
            <file>file:/Users/leyna/NetBeansProjects/POI_App/src/poi_app/Filter_POI.java</file>
            <file>file:/Users/leyna/NetBeansProjects/POI_App/src/poi_app/POI_Report.java</file>
            <file>file:/Users/leyna/NetBeansProjects/POI_App/src/poi_app/Pending_City_Official_Account.java</file>
            <file>file:/Users/leyna/NetBeansProjects/POI_App/src/poi_app/Add_Datapoint.java</file>
            <file>file:/Users/leyna/NetBeansProjects/POI_App/src/poi_app/Pending_Data_Points.java</file>
        </group>
    </open-files>
</project-private>
